id;name;description;start;jhi_end;location
1;Dynamic;bypassing Loan transmitter;2023-03-11T01:28:41;2023-03-11T09:11:23;multimedia
2;Rubber neural;platforms deposit;2023-03-10T23:35:47;2023-03-11T01:29:54;program orchestrate
3;bluetooth action-items Garden;Keyboard synergize array;2023-03-11T13:48:30;2023-03-11T07:45:02;Steel
4;payment;Developer Berkshire;2023-03-11T07:28:17;2023-03-11T05:06:14;SDD
5;copying;back payment utilize;2023-03-11T15:56:52;2023-03-11T10:53:47;Shoal
6;Assistant Gorgeous;Licensed local invoice;2023-03-10T21:28:19;2023-03-11T19:49:46;Colombian Borders
7;Paradigm Intelligent Representative;Handcrafted intelligence;2023-03-11T19:28:14;2023-03-11T18:54:56;Cambridgeshire Tugrik
8;programming seamless;Future;2023-03-11T06:27:41;2023-03-11T11:16:22;Bacon invoice Netherlands
9;Borders e-markets;Egypt;2023-03-11T15:42:26;2023-03-11T04:25:17;alarm index
10;Fresh Cambridgeshire maroon;Dynamic bypass;2023-03-11T19:16:15;2023-03-11T06:24:48;Manat
